<?xml version="1.0" encoding="UTF-8"?>
<project-private xmlns="http://www.netbeans.org/ns/project-private/1">
    <editor-bookmarks xmlns="http://www.netbeans.org/ns/editor-bookmarks/2" lastBookmarkId="0"/>
    <open-files xmlns="http://www.netbeans.org/ns/projectui-open-files/2">
        <group>
            <file>file:/C:/Users/beatr/Downloads/JavaApplication2/src/javaapplication2/Fogo.java</file>
            <file>file:/C:/Users/beatr/Downloads/JavaApplication2/src/javaapplication2/Faca.java</file>
            <file>file:/C:/Users/beatr/Downloads/JavaApplication2/src/javaapplication2/Dragao.java</file>
            <file>file:/C:/Users/beatr/Downloads/JavaApplication2/src/javaapplication2/Revolver.java</file>
            <file>file:/C:/Users/beatr/Downloads/JavaApplication2/src/javaapplication2/Soldado.java</file>
            <file>file:/C:/Users/beatr/Downloads/JavaApplication2/src/javaapplication2/Personagem.java</file>
            <file>file:/C:/Users/beatr/Downloads/JavaApplication2/src/javaapplication2/Pessoa.java</file>
            <file>file:/C:/Users/beatr/Downloads/JavaApplication2/src/javaapplication2/Mago.java</file>
            <file>file:/C:/Users/beatr/Downloads/JavaApplication2/src/javaapplication2/Magia.java</file>
            <file>file:/C:/Users/beatr/Downloads/JavaApplication2/src/javaapplication2/Desarmado.java</file>
            <file>file:/C:/Users/beatr/Downloads/JavaApplication2/src/javaapplication2/General.java</file>
            <file>file:/C:/Users/beatr/Downloads/JavaApplication2/src/javaapplication2/LutSumo.java</file>
            <file>file:/C:/Users/beatr/Downloads/JavaApplication2/src/javaapplication2/Arma_IF.java</file>
            <file>file:/C:/Users/beatr/Downloads/JavaApplication2/src/javaapplication2/JavaApplication2.java</file>
            <file>file:/C:/Users/beatr/Downloads/JavaApplication2/src/javaapplication2/Fuzil.java</file>
        </group>
    </open-files>
</project-private>
